team,jersey_hex,number_hex,number_outline_hex,name_hex,sleeve_pattern,sleeve_hex_1,sleeve_hex_2,sleeve_hex_3,collar_hex
BAL,#241773,#FFFFFF,#9E7C0C,#FFFFFF,cuff-stripes,#000000,,,
BUF,#00338D,#FFFFFF,#C60C30,#FFFFFF,stripes,#FFFFFF,#C60C30,#FFFFFF,#FFFFFF
CIN,#000000,#FFFFFF,#FB4F14,#FFFFFF,other,#FB4F14,,,
CLE,#311D00,#FFFFFF,none,#FFFFFF,stripes,#FFFFFF,#FF3C00,#FFFFFF,
DEN,#FC4C02,#FFFFFF,#0A2343,#FFFFFF,other,#0A2343,#FFFFFF,,#0A2343
HOU,#03202F,#FFFFFF,#A71930,#A71930,other,,,,#A71930
IND,#013369,#FFFFFF,none,#FFFFFF,shoulder-stripes,#FFFFFF,#FFFFFF,,
JAX,#006778,#FFFFFF,none,#FFFFFF,cuff-stripes,#000000,,,#000000
KC,#E31837,#FFFFFF,#FFB612,#FFFFFF,stripes,#FFFFFF,#FFB612,#FFFFFF,
LV,#000000,#A5ACAF,none,#A5ACAF,none,,,,
LAC,#0080C6,#FFFFFF,#FFC20E,#FFFFFF,other,#FFC20E,,,
MIA,#008E97,#FFFFFF,#FC4C02,#FFFFFF,other,,,,
NE,#002244,#FFFFFF,#C60C30,#FFFFFF,shoulder-stripes,#C60C30,#FFFFFF,#C60C30,
NYJ,#115740,#FFFFFF,none,#FFFFFF,stripes,#FFFFFF,#FFFFFF,,#FFFFFF
PIT,#000000,#FFFFFF,none,#FFB612,cuff-stripes,#FFB612,#000000,#FFB612,
TEN,#4495D2,#0C2340,#FFFFFF,#0C2340,other,#A5ACAF,#0C2340,,
ARI,#97233F,#FFFFFF,#A5ACAF,#FFFFFF,none,,,,
ATL,#000000,#FFFFFF,#A71930,#FFFFFF,none,,,,
CAR,#101820,#FFFFFF,#0085CA,#FFFFFF,shoulder-loops,#0085CA,#BFC0BF,,#0085CA
CHI,#0B162A,#FFFFFF,#E64100,#FFFFFF,stripes,#E64100,#E64100,#E64100,
DAL,#041E42,#FFFFFF,#869397,#FFFFFF,stripes,#FFFFFF,#869397,#FFFFFF,#869397
DET,#0076B6,#FFFFFF,#B0B7BC,#FFFFFF,stripes,#B0B7BC,#FFFFFF,#B0B7BC,
GB,#203731,#FFFFFF,none,#FFFFFF,cuff-stripes,#FFB612,#FFFFFF,#FFB612,#FFB612
LA,#003594,#FFD100,none,#FFFFFF,other,#FFD100,#FFFFFF,,
MIN,#4F2683,#FFFFFF,none,#FFFFFF,cuff-stripes,#FFFFFF,#FFC62F,,
NO,#101820,#D3BC8D,#FFFFFF,#D3BC8D,none,,,,#D3BC8D
NYG,#0B2265,#FFFFFF,none,#FFFFFF,none,,,,
PHI,#004C54,#FFFFFF,#000000,#FFFFFF,cuff-stripes,#000000,,,#000000
SF,#AA0000,#FFFFFF,none,#FFFFFF,stripes,#FFFFFF,#FFFFFF,#FFFFFF,
SEA,#002244,#A5ACAF,#69BE28,#A5ACAF,other,#A5ACAF,#69BE28,,#69BE28
TB,#D50A0A,#FFFFFF,#0A0A08,#FFFFFF,cuff-stripes,#0A0A08,,,#0A0A08
WAS,#5A1414,#FFB612,#FFFFFF,#FFB612,cuff-stripes,#FFB612,#FFFFFF,#FFB612,
